zone_id,zone_name,lat,lon,crop,temp_max_mean,temp_min_mean,temp_avg,precip_total_mm,precip_avg_mm,windspeed_mean,et0_mean,soil_moisture_mean,soil_phh2o,soil_clay,soil_soc,soil_bdod,soil_sand,soil_silt,heat_index,temp_rain_ratio,drought_index,soil_stress,water_need_mm,heat_tolerance_c,drought_tolerance,risk_label
0,Punjab Wheat Belt,30.9,75.8,Wheat,27.81,14.21,21.01,409.2,4.547,9.6,3.713,0.2568,6.27,5.0,15.8,1.382,80.0,15.0,24.11,3.788,0.815,0.2727,450,32,0.6,0
0,Punjab Wheat Belt,30.9,75.8,Wheat,24.0,10.91,17.46,379.0,4.211,5.7,3.552,0.408,6.7,15.8,13.5,1.24,80.0,5.0,26.36,3.35,0.841,0.2787,450,32,0.6,0
0,Punjab Wheat Belt,30.9,75.8,Wheat,24.69,11.65,18.17,552.3,6.137,13.2,3.042,0.2904,5.52,26.7,15.53,1.199,65.3,7.9,24.72,2.546,0.495,0.146,450,32,0.6,0
0,Punjab Wheat Belt,30.9,75.8,Wheat,25.44,14.58,20.01,374.2,4.158,15.9,3.541,0.3091,6.94,18.3,10.76,1.333,80.0,5.0,24.62,3.879,0.849,0.4873,450,32,0.6,0
0,Punjab Wheat Belt,30.9,75.8,Wheat,23.29,11.76,17.52,450.1,5.001,6.8,3.783,0.2764,7.0,32.8,15.18,1.45,68.9,5.0,24.64,2.92,0.755,0.3559,450,32,0.6,0
0,Punjab Wheat Belt,30.9,75.8,Wheat,32.06,20.59,26.33,346.4,3.849,8.7,4.129,0.3252,6.51,36.8,9.93,1.219,60.7,5.0,26.11,5.429,1.07,0.4415,450,32,0.6,0
0,Punjab Wheat Belt,30.9,75.8,Wheat,28.45,16.25,22.35,138.3,1.537,8.4,3.908,0.0949,6.34,35.2,10.33,1.054,66.5,5.0,22.59,8.809,2.524,0.2945,450,32,0.6,1
0,Punjab Wheat Belt,30.9,75.8,Wheat,26.8,12.95,19.88,384.9,4.277,19.6,2.887,0.1828,7.2,9.6,9.39,1.406,80.0,10.4,22.87,3.766,0.673,0.6119,450,32,0.6,4
0,Punjab Wheat Belt,30.9,75.8,Wheat,25.47,12.36,18.91,1609.6,17.884,10.5,3.671,0.4996,6.05,36.2,17.57,1.212,64.1,5.0,25.64,1.002,0.205,0.0538,450,32,0.6,3
0,Punjab Wheat Belt,30.9,75.8,Wheat,33.48,13.8,23.64,337.1,3.745,7.6,3.572,0.3125,5.89,17.6,18.2,1.222,80.0,5.0,24.95,4.982,0.951,0.0298,450,32,0.6,2
1,Haryana Rice Zone,29.1,76.4,Rice,25.63,14.73,20.18,225.4,2.504,15.9,3.744,0.0682,5.84,29.9,16.37,1.343,74.3,5.0,20.55,5.759,1.488,0.2144,1200,35,0.3,1
1,Haryana Rice Zone,29.1,76.4,Rice,29.51,15.76,22.64,201.8,2.242,16.2,3.346,0.0924,5.93,32.7,13.15,1.402,76.8,5.0,22.75,6.983,1.485,0.4211,1200,35,0.3,1
1,Haryana Rice Zone,29.1,76.4,Rice,25.76,12.78,19.27,184.4,2.049,16.9,3.566,0.1438,6.91,46.9,11.88,1.179,53.0,5.0,21.87,6.322,1.731,0.3134,1200,35,0.3,1
1,Haryana Rice Zone,29.1,76.4,Rice,25.73,12.03,18.88,208.9,2.321,10.8,3.666,0.1074,6.89,21.4,14.93,1.341,72.3,6.2,20.74,5.683,1.572,0.2856,1200,35,0.3,1
1,Haryana Rice Zone,29.1,76.4,Rice,26.61,14.59,20.6,205.5,2.284,15.5,3.187,0.1479,6.78,17.3,17.03,1.411,79.7,5.0,22.48,6.274,1.389,0.2336,1200,35,0.3,1
1,Haryana Rice Zone,29.1,76.4,Rice,28.23,15.57,21.9,245.0,2.722,16.9,3.597,0.1965,6.99,22.5,14.54,1.243,76.3,5.0,23.65,5.885,1.316,0.2291,1200,35,0.3,1
1,Haryana Rice Zone,29.1,76.4,Rice,29.59,11.25,20.42,618.3,6.87,6.9,3.037,0.2064,7.04,37.5,10.01,1.455,56.2,6.4,23.38,2.595,0.441,0.6185,1200,35,0.3,4
1,Haryana Rice Zone,29.1,76.4,Rice,33.91,19.7,26.81,677.4,7.527,9.1,3.973,0.2824,6.19,18.7,9.04,1.45,80.0,5.0,26.23,3.144,0.527,0.6637,1200,35,0.3,4
1,Haryana Rice Zone,29.1,76.4,Rice,24.48,11.04,17.76,245.9,2.733,19.3,3.509,0.067,6.96,28.0,18.11,1.187,80.0,5.0,18.69,4.757,1.279,0.0081,1200,35,0.3,1
1,Haryana Rice Zone,29.1,76.4,Rice,30.27,14.5,22.39,416.6,4.629,11.5,3.34,0.2153,6.45,38.1,6.28,1.256,62.6,5.0,23.99,3.977,0.72,0.6522,1200,35,0.3,2
2,UP Sugarcane Belt,26.8,80.9,Sugarcane,30.66,11.76,21.21,543.3,6.036,10.8,3.445,0.2857,6.83,20.1,20.45,1.369,80.0,5.0,24.39,3.014,0.57,0.0306,1500,38,0.4,2
2,UP Sugarcane Belt,26.8,80.9,Sugarcane,32.47,15.41,23.94,547.8,6.086,15.5,3.558,0.2489,6.32,32.2,13.23,1.381,71.0,5.0,24.74,3.378,0.583,0.4011,1500,38,0.4,2
2,UP Sugarcane Belt,26.8,80.9,Sugarcane,31.78,13.27,22.53,504.8,5.609,10.1,3.662,0.3439,6.2,37.4,10.24,1.259,63.9,5.0,24.85,3.409,0.652,0.4565,1500,38,0.4,2
2,UP Sugarcane Belt,26.8,80.9,Sugarcane,31.56,15.29,23.43,550.4,6.116,19.3,3.928,0.2664,6.19,25.8,14.38,1.218,80.0,5.0,24.67,3.292,0.641,0.218,1500,38,0.4,2
2,UP Sugarcane Belt,26.8,80.9,Sugarcane,32.05,13.1,22.57,501.2,5.569,5.9,3.817,0.2794,6.05,8.3,19.08,1.269,80.0,11.7,24.53,3.436,0.684,0.0221,1500,38,0.4,2
2,UP Sugarcane Belt,26.8,80.9,Sugarcane,32.9,15.75,24.32,589.3,6.548,19.2,3.978,0.3377,6.26,19.3,11.15,1.331,80.0,5.0,25.25,3.223,0.607,0.4666,1500,38,0.4,2
2,UP Sugarcane Belt,26.8,80.9,Sugarcane,29.51,15.03,22.27,222.0,2.467,16.2,3.527,0.1461,6.09,28.9,11.86,1.175,66.8,5.0,23.21,6.423,1.423,0.3114,1500,38,0.4,1
2,UP Sugarcane Belt,26.8,80.9,Sugarcane,31.74,14.62,23.18,555.2,6.169,15.4,3.675,0.3938,6.7,42.2,8.93,1.387,58.7,5.0,25.09,3.233,0.595,0.6206,1500,38,0.4,2
2,UP Sugarcane Belt,26.8,80.9,Sugarcane,35.44,18.1,26.77,433.0,4.811,19.6,3.681,0.242,6.58,9.7,13.45,1.357,80.0,10.3,26.07,4.607,0.763,0.3715,1500,38,0.4,2
2,UP Sugarcane Belt,26.8,80.9,Sugarcane,29.85,15.67,22.76,739.2,8.214,10.7,3.553,0.2448,5.95,24.1,14.45,1.241,72.9,5.0,24.34,2.471,0.432,0.2317,1500,38,0.4,4
3,Bihar Maize Zone,25.6,85.1,Maize,25.78,15.07,20.42,1656.2,18.402,8.4,3.479,0.466,6.76,33.5,18.17,1.217,65.0,5.0,25.16,1.053,0.189,0.028,600,38,0.5,3
3,Bihar Maize Zone,25.6,85.1,Maize,27.1,16.48,21.79,2043.4,22.704,11.1,3.935,0.5113,6.58,30.2,17.47,1.204,73.3,5.0,24.9,0.919,0.173,0.052,600,38,0.5,3
3,Bihar Maize Zone,25.6,85.1,Maize,26.78,14.52,20.65,1364.1,15.157,10.9,3.748,0.5351,6.54,32.9,13.32,1.299,71.1,5.0,24.88,1.278,0.247,0.3327,600,38,0.5,3
3,Bihar Maize Zone,25.6,85.1,Maize,25.87,14.28,20.07,1422.4,15.804,6.9,3.071,0.4539,6.46,27.9,8.24,1.249,66.8,5.3,25.26,1.195,0.194,0.5484,600,38,0.5,3
3,Bihar Maize Zone,25.6,85.1,Maize,24.84,14.82,19.83,1831.2,20.347,8.1,3.254,0.4546,5.98,25.5,2.87,1.29,74.8,5.0,25.34,0.929,0.16,0.8487,600,38,0.5,3
3,Bihar Maize Zone,25.6,85.1,Maize,28.75,14.85,21.8,1868.7,20.764,12.3,3.764,0.4326,5.89,12.9,17.47,1.464,80.0,7.1,25.01,1.002,0.181,0.2532,600,38,0.5,3
3,Bihar Maize Zone,25.6,85.1,Maize,32.21,16.71,24.46,491.7,5.464,9.0,3.436,0.1997,6.6,23.5,11.81,1.194,73.2,5.0,24.69,3.785,0.628,0.3279,600,38,0.5,0
3,Bihar Maize Zone,25.6,85.1,Maize,26.22,13.8,20.01,447.9,4.976,13.1,3.697,0.1863,6.5,37.2,11.66,1.296,61.9,5.0,22.97,3.349,0.741,0.4144,600,38,0.5,4
3,Bihar Maize Zone,25.6,85.1,Maize,26.08,14.6,20.34,1396.1,15.512,7.8,3.686,0.4275,6.26,18.4,9.82,1.05,80.0,5.0,25.18,1.232,0.237,0.3165,600,38,0.5,3
3,Bihar Maize Zone,25.6,85.1,Maize,28.58,15.49,22.04,406.5,4.516,13.4,3.442,0.2564,6.6,11.6,11.67,1.334,80.0,8.4,24.26,3.995,0.76,0.4423,600,38,0.5,4
4,WB Jute Region,22.6,88.4,Jute,29.22,13.6,21.41,497.3,5.526,10.0,3.207,0.1974,6.52,20.2,12.54,1.511,80.0,5.0,23.51,3.28,0.579,0.535,1000,35,0.3,4
4,WB Jute Region,22.6,88.4,Jute,23.64,12.26,17.95,654.6,7.274,17.6,3.424,0.2544,7.29,27.7,7.85,1.351,70.1,5.0,24.12,2.169,0.47,0.6468,1000,35,0.3,4
4,WB Jute Region,22.6,88.4,Jute,28.96,17.6,23.28,547.2,6.08,11.6,3.566,0.2901,6.3,19.6,2.0,1.505,76.2,5.0,24.75,3.289,0.586,1.0578,1000,35,0.3,4
4,WB Jute Region,22.6,88.4,Jute,24.22,12.4,18.31,567.5,6.305,19.1,3.444,0.1858,6.64,13.2,14.08,1.434,80.0,6.8,22.61,2.507,0.545,0.3992,1000,35,0.3,4
4,WB Jute Region,22.6,88.4,Jute,29.28,16.25,22.77,628.4,6.982,5.5,3.383,0.2715,6.07,37.1,11.11,1.365,67.1,5.0,24.52,2.852,0.484,0.4948,1000,35,0.3,4
4,WB Jute Region,22.6,88.4,Jute,29.67,16.76,23.22,548.9,6.099,13.1,3.953,0.2993,7.0,18.8,4.52,1.222,80.0,5.0,24.78,3.27,0.647,0.714,1000,35,0.3,4
4,WB Jute Region,22.6,88.4,Jute,29.97,14.92,22.45,252.5,2.806,15.4,3.661,0.1355,6.86,26.7,13.27,1.345,67.6,5.7,23.17,5.898,1.3,0.3712,1000,35,0.3,1
4,WB Jute Region,22.6,88.4,Jute,25.83,12.16,19.0,205.6,2.284,11.0,3.684,0.2569,6.76,23.7,9.79,1.219,68.0,8.3,24.06,5.783,1.605,0.4479,1000,35,0.3,1
4,WB Jute Region,22.6,88.4,Jute,32.45,15.09,23.77,412.5,4.583,7.1,4.189,0.267,5.75,24.9,6.72,1.38,74.3,5.0,24.78,4.258,0.912,0.7257,1000,35,0.3,2
4,WB Jute Region,22.6,88.4,Jute,27.38,17.42,22.4,483.8,5.375,13.9,3.57,0.28,6.58,25.1,11.9,1.32,74.2,5.0,24.5,3.513,0.663,0.4201,1000,35,0.3,0
5,Odisha Rice Delta,20.5,85.8,Rice,25.14,15.03,20.09,585.8,6.509,7.3,3.832,0.3423,5.46,27.3,10.98,1.285,75.3,5.0,24.88,2.675,0.588,0.4394,1200,35,0.3,0
5,Odisha Rice Delta,20.5,85.8,Rice,28.07,16.55,22.31,608.2,6.758,8.3,3.384,0.2755,6.51,30.8,7.48,1.248,71.7,5.0,24.45,2.876,0.5,0.5855,1200,35,0.3,0
5,Odisha Rice Delta,20.5,85.8,Rice,24.15,12.13,18.14,717.0,7.966,15.0,3.54,0.262,7.08,19.7,8.25,1.133,80.0,5.0,24.24,2.023,0.444,0.459,1200,35,0.3,0
5,Odisha Rice Delta,20.5,85.8,Rice,26.44,10.71,18.58,641.9,7.132,11.5,3.005,0.3423,5.42,26.7,11.61,1.246,75.3,5.0,25.26,2.284,0.421,0.3774,1200,35,0.3,0
5,Odisha Rice Delta,20.5,85.8,Rice,27.05,15.03,21.04,704.3,7.825,14.5,3.535,0.2954,5.64,20.0,10.33,1.171,80.0,5.0,24.46,2.384,0.451,0.3845,1200,35,0.3,0
5,Odisha Rice Delta,20.5,85.8,Rice,26.7,12.41,19.55,673.5,7.484,15.0,3.636,0.361,7.29,10.3,6.88,1.238,80.0,9.7,25.12,2.305,0.485,0.6079,1200,35,0.3,0
5,Odisha Rice Delta,20.5,85.8,Rice,28.27,15.23,21.75,605.4,6.726,15.8,3.165,0.2338,5.82,29.6,4.99,1.508,68.9,5.0,24.0,2.815,0.47,0.9108,1200,35,0.3,0
5,Odisha Rice Delta,20.5,85.8,Rice,28.05,13.62,20.84,668.8,7.431,16.6,3.344,0.1955,6.99,24.7,19.08,1.237,80.0,5.0,23.32,2.471,0.449,-0.0024,1200,35,0.3,0
5,Odisha Rice Delta,20.5,85.8,Rice,29.31,17.34,23.33,650.5,7.228,18.8,3.195,0.2436,6.38,14.4,11.1,1.406,80.0,5.6,24.5,2.835,0.441,0.5271,1200,35,0.3,0
5,Odisha Rice Delta,20.5,85.8,Rice,32.01,17.65,24.83,193.7,2.152,19.8,3.931,0.0537,6.47,28.4,12.33,1.347,65.2,6.4,24.02,7.878,1.818,0.4197,1200,35,0.3,1
6,AP Cotton Zone,16.5,80.6,Cotton,28.81,15.3,22.06,191.4,2.126,8.5,3.448,0.1348,6.27,16.7,16.61,1.294,80.0,5.0,22.96,7.055,1.613,0.1647,700,40,0.5,1
6,AP Cotton Zone,16.5,80.6,Cotton,28.7,17.22,22.96,150.1,1.668,5.4,3.733,0.0625,6.79,25.7,15.76,1.268,80.0,5.0,22.59,8.606,2.224,0.1875,700,40,0.5,1
6,AP Cotton Zone,16.5,80.6,Cotton,32.78,21.4,27.09,194.9,2.166,10.3,3.698,0.109,6.36,17.0,7.3,1.127,77.0,6.0,25.94,8.557,1.698,0.5018,700,40,0.5,1
6,AP Cotton Zone,16.5,80.6,Cotton,26.46,12.38,19.42,232.5,2.584,12.7,3.272,0.1884,7.31,19.9,9.38,1.258,77.3,5.0,22.87,5.42,1.261,0.4987,700,40,0.5,1
6,AP Cotton Zone,16.5,80.6,Cotton,29.71,13.5,21.61,145.9,1.621,8.4,3.722,0.1024,6.82,43.9,15.25,1.236,57.0,5.0,22.22,8.244,2.281,0.1882,700,40,0.5,1
6,AP Cotton Zone,16.5,80.6,Cotton,28.94,15.71,22.32,136.2,1.514,8.9,3.648,0.05,5.87,24.7,18.68,1.268,76.4,5.0,21.9,8.881,2.392,0.0417,700,40,0.5,1
6,AP Cotton Zone,16.5,80.6,Cotton,32.11,14.79,23.45,497.8,5.531,9.0,3.986,0.2641,7.42,26.9,10.72,1.493,75.2,5.0,24.66,3.59,0.719,0.6126,700,40,0.5,4
6,AP Cotton Zone,16.5,80.6,Cotton,28.91,17.02,22.97,576.0,6.4,18.2,4.108,0.2475,6.74,23.7,12.59,1.421,72.3,5.0,24.42,3.104,0.641,0.4635,700,40,0.5,0
6,AP Cotton Zone,16.5,80.6,Cotton,34.13,17.37,25.75,349.0,3.877,14.5,3.801,0.212,6.87,37.0,12.85,1.327,61.0,5.0,25.4,5.279,0.978,0.3778,700,40,0.5,2
6,AP Cotton Zone,16.5,80.6,Cotton,31.74,14.98,23.36,159.0,1.767,15.6,3.791,0.1207,6.3,26.1,8.7,1.44,66.3,7.6,23.53,8.445,2.132,0.6723,700,40,0.5,1
7,TN Paddy Region,10.8,78.7,Rice,35.15,14.74,24.94,458.5,5.095,7.5,4.312,0.2076,5.4,30.2,15.95,1.412,76.4,5.0,24.96,4.092,0.844,0.2888,1200,35,0.3,2
7,TN Paddy Region,10.8,78.7,Rice,33.3,16.11,24.71,385.0,4.278,8.4,4.233,0.3249,6.4,15.0,17.78,1.292,80.0,5.0,25.34,4.681,0.987,0.1049,1200,35,0.3,2
7,TN Paddy Region,10.8,78.7,Rice,35.46,17.05,26.26,497.3,5.525,16.9,4.212,0.2898,6.85,16.8,11.8,1.337,79.5,5.0,25.95,4.024,0.761,0.4388,1200,35,0.3,2
7,TN Paddy Region,10.8,78.7,Rice,30.09,13.19,21.64,403.2,4.48,11.8,3.751,0.2483,7.0,21.4,2.3,1.142,80.0,5.0,24.11,3.949,0.835,0.7629,1200,35,0.3,2
7,TN Paddy Region,10.8,78.7,Rice,34.04,17.44,25.74,476.8,5.298,13.4,3.44,0.3552,6.94,18.0,12.15,1.273,80.0,5.0,25.91,4.088,0.648,0.3718,1200,35,0.3,2
7,TN Paddy Region,10.8,78.7,Rice,33.86,14.5,24.18,466.1,5.178,6.6,3.896,0.2553,6.28,36.2,15.7,1.306,60.6,5.0,24.86,3.913,0.751,0.2197,1200,35,0.3,2
7,TN Paddy Region,10.8,78.7,Rice,30.66,17.95,24.31,711.2,7.902,11.8,3.555,0.3459,6.6,28.2,20.73,1.263,72.8,5.0,25.27,2.73,0.449,-0.0649,1200,35,0.3,0
7,TN Paddy Region,10.8,78.7,Rice,27.78,14.99,21.39,659.1,7.324,19.9,3.54,0.1833,6.88,25.3,9.98,1.461,69.6,5.1,23.32,2.569,0.483,0.6251,1200,35,0.3,4
7,TN Paddy Region,10.8,78.7,Rice,29.0,16.05,22.53,504.4,5.605,19.8,4.099,0.1687,5.77,12.5,17.51,1.389,80.0,7.5,23.59,3.411,0.73,0.1935,1200,35,0.3,4
7,TN Paddy Region,10.8,78.7,Rice,26.85,12.83,19.84,584.2,6.491,7.0,3.116,0.2988,6.89,29.0,10.54,1.345,67.7,5.0,24.54,2.649,0.479,0.5075,1200,35,0.3,4
8,Karnataka Coffee Zone,13.3,75.7,Coffee,29.91,13.91,21.91,2699.6,29.996,19.5,3.074,0.4419,5.94,31.5,7.02,1.411,65.0,5.0,25.01,0.707,0.102,0.7344,1600,30,0.3,3
8,Karnataka Coffee Zone,13.3,75.7,Coffee,21.42,12.81,17.11,2674.6,29.717,15.6,3.726,0.4924,5.8,22.2,10.6,1.268,80.0,5.0,26.84,0.557,0.125,0.4451,1600,30,0.3,3
8,Karnataka Coffee Zone,13.3,75.7,Coffee,29.98,16.67,23.33,2797.5,31.083,13.0,3.607,0.4564,6.48,24.0,7.86,1.281,78.3,5.0,25.18,0.727,0.116,0.5924,1600,30,0.3,3
8,Karnataka Coffee Zone,13.3,75.7,Coffee,26.7,14.95,20.82,2727.6,30.307,15.0,3.867,0.355,7.97,33.9,7.84,1.361,60.9,5.3,24.87,0.665,0.128,0.6551,1600,30,0.3,3
8,Karnataka Coffee Zone,13.3,75.7,Coffee,26.14,14.64,20.39,3091.1,34.345,12.5,3.668,0.4675,6.68,32.7,13.23,1.255,67.6,5.0,25.17,0.577,0.107,0.3039,1600,30,0.3,3
8,Karnataka Coffee Zone,13.3,75.7,Coffee,26.45,16.73,21.59,2775.9,30.844,14.9,4.069,0.4214,6.65,24.5,13.32,1.332,77.6,5.0,25.0,0.678,0.132,0.359,1600,30,0.3,3
8,Karnataka Coffee Zone,13.3,75.7,Coffee,31.53,19.86,25.7,758.1,8.423,17.0,3.417,0.2599,6.85,35.3,8.45,1.412,59.5,5.1,25.55,2.727,0.405,0.6635,1600,30,0.3,4
8,Karnataka Coffee Zone,13.3,75.7,Coffee,23.79,14.67,19.23,651.2,7.236,6.1,3.37,0.2153,6.2,38.1,16.04,1.231,73.1,5.0,23.35,2.334,0.465,0.1451,1600,30,0.3,0
8,Karnataka Coffee Zone,13.3,75.7,Coffee,26.88,19.92,23.4,645.7,7.174,14.1,3.177,0.2811,7.72,30.4,11.8,1.375,71.5,5.0,24.74,2.863,0.442,0.4674,1600,30,0.3,4
8,Karnataka Coffee Zone,13.3,75.7,Coffee,28.74,14.34,21.54,216.2,2.402,13.1,3.282,0.1785,6.19,32.3,5.22,1.221,72.4,5.0,23.31,6.332,1.36,0.6784,1600,30,0.3,1
9,Kerala Coconut Region,10.5,76.2,Coconut,28.26,16.48,22.37,648.2,7.202,17.1,3.751,0.229,6.78,20.4,9.75,1.447,80.0,5.0,24.11,2.727,0.52,0.6255,1800,38,0.4,4
9,Kerala Coconut Region,10.5,76.2,Coconut,30.94,18.76,24.85,788.3,8.759,18.5,3.354,0.2875,6.35,15.0,6.73,1.328,80.0,5.0,25.26,2.546,0.382,0.6852,1800,38,0.4,4
9,Kerala Coconut Region,10.5,76.2,Coconut,27.35,15.64,21.49,787.1,8.745,16.1,4.218,0.1706,6.65,22.2,11.31,1.522,80.0,5.0,23.19,2.206,0.482,0.6054,1800,38,0.4,4
9,Kerala Coconut Region,10.5,76.2,Coconut,28.07,11.19,19.63,777.5,8.639,11.1,3.481,0.2507,6.11,38.4,7.29,1.457,69.7,5.0,23.95,2.036,0.402,0.7564,1800,38,0.4,4
9,Kerala Coconut Region,10.5,76.2,Coconut,27.32,14.18,20.75,727.4,8.082,6.0,3.17,0.2317,6.12,20.0,12.31,1.503,80.0,5.0,23.79,2.285,0.392,0.541,1800,38,0.4,4
9,Kerala Coconut Region,10.5,76.2,Coconut,28.12,15.64,21.88,872.2,9.691,5.9,4.178,0.217,7.36,29.5,9.8,1.454,65.9,5.0,23.86,2.047,0.431,0.6282,1800,38,0.4,4
9,Kerala Coconut Region,10.5,76.2,Coconut,29.62,15.38,22.5,208.7,2.319,18.9,3.996,0.1846,6.8,20.7,5.87,1.327,80.0,5.0,23.74,6.78,1.715,0.7274,1800,38,0.4,1
9,Kerala Coconut Region,10.5,76.2,Coconut,26.98,16.33,21.65,885.5,9.839,15.6,3.691,0.3052,6.79,18.7,6.68,1.116,80.0,5.0,24.56,1.997,0.375,0.525,1800,38,0.4,0
9,Kerala Coconut Region,10.5,76.2,Coconut,26.33,16.24,21.28,732.2,8.135,10.7,3.816,0.2841,6.45,29.5,14.4,1.249,69.3,5.0,24.38,2.33,0.468,0.2411,1800,38,0.4,0
9,Kerala Coconut Region,10.5,76.2,Coconut,30.02,14.89,22.45,577.2,6.413,17.9,3.674,0.2687,6.6,24.8,15.27,1.439,78.0,5.0,24.43,3.029,0.572,0.3434,1800,38,0.4,2
10,Maharashtra Soybean,19.7,75.3,Soybean,25.9,14.34,20.12,438.5,4.873,11.6,3.652,0.2832,5.51,27.3,8.83,1.354,66.3,6.4,24.35,3.426,0.748,0.6002,500,35,0.5,0
10,Maharashtra Soybean,19.7,75.3,Soybean,24.06,13.03,18.55,454.0,5.044,6.5,3.304,0.2616,6.15,21.9,12.68,1.316,78.1,5.0,24.18,3.069,0.654,0.3783,500,35,0.5,0
10,Maharashtra Soybean,19.7,75.3,Soybean,29.33,14.42,21.87,432.9,4.81,10.5,3.874,0.2117,6.39,34.7,10.73,1.388,69.1,5.0,23.8,3.765,0.804,0.5309,500,35,0.5,0
10,Maharashtra Soybean,19.7,75.3,Soybean,26.38,14.96,20.67,467.2,5.191,8.2,3.295,0.2854,5.94,24.9,14.32,1.312,70.3,5.0,24.37,3.339,0.633,0.2933,500,35,0.5,0
10,Maharashtra Soybean,19.7,75.3,Soybean,29.38,16.49,22.94,428.8,4.764,10.6,3.381,0.2714,7.36,18.0,2.89,1.328,80.0,5.0,24.56,3.979,0.708,0.8772,500,35,0.5,0
10,Maharashtra Soybean,19.7,75.3,Soybean,26.92,16.91,21.91,391.3,4.348,18.4,3.872,0.3505,7.11,35.4,18.25,1.303,60.8,5.0,24.82,4.097,0.888,0.0902,500,35,0.5,0
10,Maharashtra Soybean,19.7,75.3,Soybean,30.97,16.09,23.53,405.2,4.502,10.2,3.732,0.2126,6.01,30.4,16.63,1.255,67.4,5.0,24.37,4.277,0.827,0.1337,500,35,0.5,0
10,Maharashtra Soybean,19.7,75.3,Soybean,32.42,16.47,24.45,308.4,3.427,6.8,4.116,0.2174,6.25,35.6,14.22,1.346,75.2,5.0,24.78,5.522,1.197,0.3238,500,35,0.5,2
10,Maharashtra Soybean,19.7,75.3,Soybean,27.33,14.01,20.67,194.8,2.164,6.9,3.686,0.1569,7.04,29.5,10.66,1.261,64.1,6.4,22.67,6.533,1.694,0.4367,500,35,0.5,1
10,Maharashtra Soybean,19.7,75.3,Soybean,24.42,11.7,18.06,338.1,3.757,14.7,3.304,0.2905,6.42,31.9,9.67,1.283,69.5,5.0,24.74,3.797,0.877,0.5038,500,35,0.5,0
11,Gujarat Groundnut,22.3,72.6,Groundnut,29.87,14.8,22.33,164.6,1.829,12.6,3.421,0.1036,6.79,29.0,14.39,1.55,76.4,5.0,22.7,7.895,1.859,0.4726,500,36,0.6,1
11,Gujarat Groundnut,22.3,72.6,Groundnut,27.19,11.6,19.39,146.0,1.623,11.9,3.74,0.0989,6.74,23.3,8.1,1.262,79.6,5.0,20.8,7.394,2.289,0.5658,500,36,0.6,1
11,Gujarat Groundnut,22.3,72.6,Groundnut,29.82,18.55,24.19,176.8,1.965,16.4,3.526,0.1233,6.51,13.4,7.07,1.275,80.0,6.6,24.05,8.158,1.785,0.6267,500,36,0.6,1
11,Gujarat Groundnut,22.3,72.6,Groundnut,27.52,13.47,20.5,52.6,0.585,5.0,3.962,0.2141,6.12,12.8,16.55,1.265,80.0,7.2,23.51,12.934,6.65,0.1454,500,36,0.6,1
11,Gujarat Groundnut,22.3,72.6,Groundnut,29.45,15.65,22.55,199.6,2.218,9.0,3.99,0.1812,6.8,24.9,16.75,1.432,71.8,5.0,23.72,7.008,1.79,0.2637,500,36,0.6,1
11,Gujarat Groundnut,22.3,72.6,Groundnut,26.01,17.47,21.74,132.3,1.47,8.3,3.321,0.0878,6.43,37.1,14.02,1.218,72.2,5.0,22.07,8.801,2.243,0.2354,500,36,0.6,1
11,Gujarat Groundnut,22.3,72.6,Groundnut,28.87,16.25,22.56,1665.7,18.508,7.8,3.955,0.55,7.27,13.7,7.3,1.247,80.0,6.3,24.85,1.157,0.214,0.5943,500,36,0.6,3
11,Gujarat Groundnut,22.3,72.6,Groundnut,26.03,10.78,18.41,126.5,1.405,12.2,3.541,0.1204,7.2,24.8,18.59,1.486,72.9,5.0,20.88,7.652,2.5,0.2137,500,36,0.6,1
11,Gujarat Groundnut,22.3,72.6,Groundnut,24.07,13.87,18.97,1680.0,18.667,8.9,3.816,0.455,6.4,27.8,11.12,1.216,67.5,5.0,25.68,0.964,0.204,0.3796,500,36,0.6,3
11,Gujarat Groundnut,22.3,72.6,Groundnut,25.37,14.15,19.76,1852.5,20.583,18.5,3.149,0.3719,5.99,25.5,14.06,1.144,71.8,5.0,25.14,0.916,0.153,0.1766,500,36,0.6,3
12,Rajasthan Millet Zone,26.9,73.9,Millet,33.6,14.86,24.23,187.6,2.084,17.8,4.061,0.2433,6.09,33.1,22.65,1.27,67.6,5.0,24.82,7.856,1.938,-0.1554,350,42,0.8,2
12,Rajasthan Millet Zone,26.9,73.9,Millet,32.94,14.24,23.59,308.9,3.432,11.2,3.662,0.2576,7.51,30.0,20.23,1.302,66.4,5.0,24.67,5.323,1.064,-0.0099,350,42,0.8,2
12,Rajasthan Millet Zone,26.9,73.9,Millet,30.98,13.15,22.06,317.1,3.524,8.1,3.317,0.2861,7.31,22.1,14.05,1.332,77.7,5.0,24.48,4.877,0.938,0.3221,350,42,0.8,2
12,Rajasthan Millet Zone,26.9,73.9,Millet,32.31,15.07,23.69,228.5,2.539,10.7,3.683,0.3319,6.75,25.9,6.25,1.392,70.8,5.0,25.03,6.694,1.444,0.7584,350,42,0.8,2
12,Rajasthan Millet Zone,26.9,73.9,Millet,35.39,19.34,27.36,323.3,3.593,16.9,4.124,0.3042,6.08,31.7,10.29,1.273,70.7,5.0,26.67,5.958,1.144,0.4651,350,42,0.8,2
12,Rajasthan Millet Zone,26.9,73.9,Millet,31.66,13.98,22.82,259.5,2.883,18.2,3.292,0.2432,6.6,25.2,17.65,1.292,77.1,5.0,24.34,5.877,1.138,0.1114,350,42,0.8,2
12,Rajasthan Millet Zone,26.9,73.9,Millet,23.9,13.17,18.54,1528.1,16.979,6.2,4.204,0.489,6.66,18.6,14.39,1.327,80.0,5.0,25.87,1.031,0.247,0.3016,350,42,0.8,3
12,Rajasthan Millet Zone,26.9,73.9,Millet,30.47,15.97,23.22,375.3,4.17,17.4,4.053,0.2254,5.38,17.0,7.48,1.484,80.0,5.0,24.34,4.491,0.969,0.7675,350,42,0.8,4
12,Rajasthan Millet Zone,26.9,73.9,Millet,26.74,12.91,19.83,164.5,1.827,10.3,3.395,0.1909,7.26,24.2,16.4,1.324,76.5,5.0,23.0,7.013,1.846,0.1983,350,42,0.8,1
12,Rajasthan Millet Zone,26.9,73.9,Millet,34.85,13.93,24.39,243.8,2.709,14.6,3.877,0.2545,6.89,26.0,19.76,1.2,70.6,5.0,24.94,6.576,1.425,-0.0647,350,42,0.8,2
13,MP Soybean Belt,23.2,77.4,Soybean,28.33,16.49,22.41,1672.9,18.588,6.7,3.548,0.4936,7.45,11.4,2.89,1.314,80.0,8.6,24.99,1.144,0.191,0.8662,500,35,0.5,3
13,MP Soybean Belt,23.2,77.4,Soybean,26.9,14.24,20.57,1557.2,17.303,18.7,3.655,0.4382,6.88,30.9,14.46,1.206,74.5,5.0,25.14,1.124,0.211,0.205,500,35,0.5,3
13,MP Soybean Belt,23.2,77.4,Soybean,26.16,15.45,20.8,1709.7,18.997,9.5,3.435,0.459,6.35,12.1,15.12,1.405,80.0,7.9,25.09,1.04,0.181,0.3249,500,35,0.5,3
13,MP Soybean Belt,23.2,77.4,Soybean,28.89,15.75,22.32,1754.4,19.493,19.9,3.421,0.4642,6.27,25.6,16.65,1.207,75.6,5.0,25.02,1.089,0.175,0.0963,500,35,0.5,3
13,MP Soybean Belt,23.2,77.4,Soybean,28.91,17.63,23.27,1581.6,17.573,16.6,3.867,0.4273,5.58,32.1,12.92,1.511,62.3,5.6,25.16,1.253,0.22,0.5159,500,35,0.5,3
13,MP Soybean Belt,23.2,77.4,Soybean,27.6,17.91,22.75,1852.2,20.58,14.8,3.647,0.4472,5.3,26.0,14.21,1.304,80.0,5.0,25.07,1.054,0.177,0.2931,500,35,0.5,3
13,MP Soybean Belt,23.2,77.4,Soybean,24.32,12.11,18.22,441.4,4.904,19.6,3.4,0.2585,6.15,23.2,3.73,1.345,70.6,6.2,24.16,3.086,0.692,0.8483,500,35,0.5,0
13,MP Soybean Belt,23.2,77.4,Soybean,26.08,12.9,19.49,157.5,1.75,9.4,3.301,0.154,7.87,23.7,14.19,1.341,72.5,5.0,22.18,7.088,1.875,0.3225,500,35,0.5,1
13,MP Soybean Belt,23.2,77.4,Soybean,33.66,14.06,23.86,344.2,3.824,11.3,3.675,0.2446,5.74,31.7,11.27,1.377,76.0,5.0,24.69,4.946,0.958,0.4957,500,35,0.5,2
13,MP Soybean Belt,23.2,77.4,Soybean,29.74,15.91,22.82,359.3,3.993,10.5,3.744,0.1884,5.4,23.3,5.55,1.387,77.1,5.0,23.9,4.571,0.935,0.7893,500,35,0.5,4
14,Chhattisgarh Rice,21.3,81.6,Rice,25.54,12.71,19.12,678.7,7.542,15.9,3.526,0.2777,6.64,25.5,6.52,1.23,71.3,5.0,24.36,2.239,0.467,0.6203,1200,35,0.3,4
14,Chhattisgarh Rice,21.3,81.6,Rice,30.29,20.96,25.62,597.8,6.642,11.4,4.167,0.2535,6.92,15.5,13.18,1.5,80.0,5.0,25.49,3.353,0.626,0.4951,1200,35,0.3,4
14,Chhattisgarh Rice,21.3,81.6,Rice,31.09,17.92,24.5,578.7,6.43,10.6,3.968,0.2697,5.63,37.7,12.62,1.301,69.7,5.0,25.05,3.298,0.616,0.3701,1200,35,0.3,4
14,Chhattisgarh Rice,21.3,81.6,Rice,25.92,13.93,19.93,540.8,6.009,6.1,3.448,0.1594,7.11,11.5,6.28,1.496,80.0,8.5,22.44,2.843,0.573,0.8373,1200,35,0.3,4
14,Chhattisgarh Rice,21.3,81.6,Rice,25.36,12.68,19.02,543.1,6.034,12.6,3.578,0.2063,6.49,24.2,11.14,1.29,74.0,5.0,23.16,2.704,0.592,0.4356,1200,35,0.3,4
14,Chhattisgarh Rice,21.3,81.6,Rice,24.12,11.49,17.81,585.2,6.502,10.1,3.662,0.153,5.76,15.4,10.07,1.573,80.0,5.0,21.62,2.373,0.562,0.7066,1200,35,0.3,4
14,Chhattisgarh Rice,21.3,81.6,Rice,25.44,15.6,20.52,661.4,7.349,9.1,3.34,0.2716,6.26,25.5,13.98,1.396,65.4,9.1,24.23,2.458,0.454,0.3752,1200,35,0.3,0
14,Chhattisgarh Rice,21.3,81.6,Rice,27.72,16.86,22.29,190.1,2.113,8.0,3.884,0.228,7.06,21.3,11.08,1.584,71.2,7.5,24.08,7.161,1.829,0.665,1200,35,0.3,1
14,Chhattisgarh Rice,21.3,81.6,Rice,30.01,15.48,22.74,624.3,6.937,9.1,3.52,0.2435,6.33,24.0,4.81,1.399,77.9,5.0,24.32,2.865,0.507,0.8354,1200,35,0.3,4
14,Chhattisgarh Rice,21.3,81.6,Rice,31.21,14.54,22.87,517.8,5.753,12.4,3.426,0.292,5.29,33.4,12.89,1.295,68.0,5.0,24.66,3.387,0.594,0.3511,1200,35,0.3,2
15,Jharkhand Maize,23.6,85.5,Maize,25.95,15.38,20.67,490.2,5.447,5.3,2.651,0.3128,6.6,40.7,11.03,1.395,64.8,5.0,24.6,3.205,0.486,0.5215,600,38,0.5,0
15,Jharkhand Maize,23.6,85.5,Maize,27.54,13.29,20.41,415.8,4.62,5.2,3.315,0.2532,6.93,30.8,14.06,1.236,71.4,5.0,24.01,3.632,0.716,0.2474,600,38,0.5,0
15,Jharkhand Maize,23.6,85.5,Maize,30.02,16.95,23.49,528.3,5.87,6.2,3.995,0.2787,6.06,11.9,5.47,1.281,80.0,8.1,24.75,3.419,0.679,0.7118,600,38,0.5,0
15,Jharkhand Maize,23.6,85.5,Maize,26.9,15.46,21.18,459.4,5.104,15.6,3.493,0.3528,6.5,12.1,8.95,1.223,80.0,7.9,24.83,3.47,0.683,0.4934,600,38,0.5,0
15,Jharkhand Maize,23.6,85.5,Maize,27.9,14.3,21.1,489.4,5.437,10.4,3.183,0.283,6.64,18.2,13.34,1.301,80.0,5.0,24.36,3.277,0.584,0.3336,600,38,0.5,0
15,Jharkhand Maize,23.6,85.5,Maize,30.04,19.2,24.62,382.3,4.248,17.1,3.966,0.3222,6.78,33.5,23.04,1.339,64.0,5.0,25.3,4.692,0.931,-0.1217,600,38,0.5,0
15,Jharkhand Maize,23.6,85.5,Maize,25.55,14.18,19.86,1354.7,15.052,5.0,3.539,0.4189,7.06,20.0,12.06,1.396,74.8,5.2,25.29,1.237,0.235,0.4704,600,38,0.5,3
15,Jharkhand Maize,23.6,85.5,Maize,24.51,12.15,18.33,1898.8,21.098,18.4,3.27,0.5114,6.17,31.8,11.45,1.339,67.7,5.0,25.92,0.829,0.155,0.4575,600,38,0.5,3
15,Jharkhand Maize,23.6,85.5,Maize,29.51,15.04,22.27,358.3,3.981,19.5,3.892,0.3283,7.12,16.6,16.23,1.32,80.0,5.0,24.75,4.472,0.975,0.2039,600,38,0.5,2
15,Jharkhand Maize,23.6,85.5,Maize,27.38,13.64,20.51,353.3,3.926,10.5,3.53,0.1579,6.4,20.9,8.91,1.355,80.0,5.0,22.62,4.163,0.897,0.5966,600,38,0.5,4
16,Assam Tea Garden,26.2,92.9,Tea,30.96,15.39,23.18,177.3,1.969,16.1,3.904,0.1488,6.05,33.6,6.03,1.475,62.6,5.0,23.69,7.805,1.971,0.8332,1500,32,0.3,1
16,Assam Tea Garden,26.2,92.9,Tea,26.95,13.35,20.15,170.5,1.894,5.3,3.543,0.0537,5.93,23.2,7.52,1.064,75.9,5.0,20.16,6.962,1.86,0.4422,1500,32,0.3,1
16,Assam Tea Garden,26.2,92.9,Tea,32.68,18.94,25.81,237.4,2.638,16.6,3.955,0.071,7.06,26.0,17.69,1.296,75.0,5.0,24.89,7.094,1.493,0.1126,1500,32,0.3,1
16,Assam Tea Garden,26.2,92.9,Tea,26.6,16.6,21.6,243.5,2.706,11.9,3.174,0.1635,6.84,12.2,8.19,1.31,79.6,8.2,23.13,5.828,1.168,0.5981,1500,32,0.3,1
16,Assam Tea Garden,26.2,92.9,Tea,27.56,14.26,20.91,212.1,2.357,14.3,3.361,0.1112,6.34,28.1,17.15,1.353,70.0,5.0,21.96,6.229,1.419,0.1828,1500,32,0.3,1
16,Assam Tea Garden,26.2,92.9,Tea,23.53,12.63,18.08,267.8,2.976,18.4,3.333,0.1169,5.58,22.4,12.11,1.236,80.0,5.0,20.62,4.548,1.116,0.3458,1500,32,0.3,1
16,Assam Tea Garden,26.2,92.9,Tea,26.2,11.17,18.69,2651.6,29.463,13.2,3.327,0.451,7.19,20.5,11.67,1.28,73.3,6.2,25.81,0.613,0.113,0.4012,1500,32,0.3,3
16,Assam Tea Garden,26.2,92.9,Tea,28.35,15.61,21.98,679.0,7.544,14.3,3.114,0.1942,6.58,28.4,9.58,1.336,74.0,5.0,23.65,2.572,0.412,0.5487,1500,32,0.3,4
16,Assam Tea Garden,26.2,92.9,Tea,31.07,16.7,23.88,711.8,7.908,12.5,3.836,0.3542,6.68,29.9,11.17,1.363,63.7,6.3,25.16,2.681,0.484,0.4899,1500,32,0.3,0
16,Assam Tea Garden,26.2,92.9,Tea,31.69,13.7,22.7,482.4,5.36,14.9,3.373,0.279,6.26,22.1,9.41,1.374,77.0,5.0,24.55,3.569,0.628,0.5868,1500,32,0.3,2
17,Nagaland Horticulture,25.7,94.1,Horticulture,32.47,18.28,25.37,336.4,3.738,14.8,4.006,0.1815,6.95,19.3,9.61,1.147,80.0,5.0,25.07,5.355,1.068,0.4021,800,35,0.5,2
17,Nagaland Horticulture,25.7,94.1,Horticulture,30.55,16.84,23.69,387.8,4.309,10.3,4.475,0.2397,6.98,23.5,15.69,1.287,80.0,5.0,24.6,4.463,1.036,0.2059,800,35,0.5,2
17,Nagaland Horticulture,25.7,94.1,Horticulture,27.65,11.89,19.77,404.2,4.491,17.2,3.362,0.1498,6.6,21.2,15.83,1.404,80.0,5.0,22.19,3.601,0.747,0.2882,800,35,0.5,2
17,Nagaland Horticulture,25.7,94.1,Horticulture,30.69,13.58,22.13,375.6,4.173,5.8,3.107,0.3145,5.22,16.3,7.66,1.368,78.0,5.7,24.67,4.278,0.742,0.6694,800,35,0.5,2
17,Nagaland Horticulture,25.7,94.1,Horticulture,31.17,15.09,23.13,430.0,4.778,10.6,3.362,0.2568,6.73,36.7,5.12,1.24,64.5,5.0,24.52,4.003,0.702,0.698,800,35,0.5,2
17,Nagaland Horticulture,25.7,94.1,Horticulture,36.75,17.46,27.11,408.5,4.538,15.7,3.887,0.2006,6.9,21.9,13.0,1.5,80.0,5.0,26.16,4.895,0.854,0.5035,800,35,0.5,2
17,Nagaland Horticulture,25.7,94.1,Horticulture,29.45,16.53,22.99,468.1,5.202,15.9,4.188,0.2415,6.75,21.6,12.21,1.346,80.0,5.0,24.38,3.707,0.803,0.4254,800,35,0.5,4
17,Nagaland Horticulture,25.7,94.1,Horticulture,25.42,12.77,19.09,497.9,5.532,7.4,3.481,0.1604,6.46,30.6,15.4,1.271,69.1,5.0,22.19,2.923,0.628,0.2076,800,35,0.5,0
17,Nagaland Horticulture,25.7,94.1,Horticulture,24.73,11.97,18.35,1842.5,20.473,15.8,3.432,0.4604,6.17,23.1,13.08,1.324,80.0,5.0,26.0,0.855,0.168,0.3649,800,35,0.5,3
17,Nagaland Horticulture,25.7,94.1,Horticulture,24.26,11.43,17.84,169.1,1.879,14.4,3.635,0.0975,6.89,34.7,12.55,1.283,66.0,5.0,19.86,6.198,1.923,0.3597,800,35,0.5,1
18,Manipur Vegetables,24.7,93.9,Vegetables,22.54,13.02,17.78,1963.6,21.818,5.8,2.877,0.4042,7.12,29.3,11.39,1.439,76.4,5.0,26.14,0.779,0.132,0.5374,700,33,0.4,3
18,Manipur Vegetables,24.7,93.9,Vegetables,26.44,11.66,19.05,1867.3,20.748,19.7,3.294,0.4346,5.67,25.3,8.97,1.277,70.1,5.0,25.62,0.876,0.159,0.534,700,33,0.4,3
18,Manipur Vegetables,24.7,93.9,Vegetables,25.54,15.38,20.46,1921.3,21.347,9.0,3.328,0.4558,5.78,32.6,6.86,1.309,69.4,5.0,25.16,0.916,0.156,0.6639,700,33,0.4,3
18,Manipur Vegetables,24.7,93.9,Vegetables,26.66,13.55,20.1,1862.5,20.694,14.2,3.88,0.5195,7.01,16.0,8.33,1.402,80.0,5.0,25.09,0.927,0.187,0.6618,700,33,0.4,3
18,Manipur Vegetables,24.7,93.9,Vegetables,28.22,14.31,21.26,1876.0,20.845,13.7,3.914,0.4485,6.48,22.4,5.51,1.289,80.0,5.0,25.04,0.973,0.188,0.7163,700,33,0.4,3
18,Manipur Vegetables,24.7,93.9,Vegetables,24.46,13.62,19.04,1868.1,20.756,11.5,3.509,0.3797,6.28,39.0,17.53,1.171,64.5,5.0,25.4,0.875,0.169,0.0243,700,33,0.4,3
18,Manipur Vegetables,24.7,93.9,Vegetables,31.97,13.29,22.63,342.7,3.808,5.9,3.424,0.2342,6.08,38.6,10.8,1.461,66.3,5.0,24.22,4.706,0.897,0.5844,700,33,0.4,2
18,Manipur Vegetables,24.7,93.9,Vegetables,26.75,15.55,21.15,202.3,2.248,6.0,3.762,0.1377,7.36,30.5,10.66,1.427,80.0,5.0,22.55,6.512,1.665,0.5648,700,33,0.4,1
18,Manipur Vegetables,24.7,93.9,Vegetables,26.91,13.68,20.3,125.4,1.393,15.6,3.951,0.0631,6.85,12.1,3.36,1.374,80.0,7.9,20.52,8.482,2.814,0.8889,700,33,0.4,1
18,Manipur Vegetables,24.7,93.9,Vegetables,26.04,13.58,19.81,150.2,1.669,11.1,3.485,0.1426,6.31,14.9,14.75,1.292,80.0,5.1,22.05,7.421,2.075,0.2563,700,33,0.4,1
19,Meghalaya Potatoes,25.5,91.4,Potato,28.09,14.98,21.54,416.0,4.622,10.4,3.329,0.3775,7.12,33.4,7.63,1.333,71.6,5.0,24.92,3.831,0.719,0.6439,500,28,0.4,4
19,Meghalaya Potatoes,25.5,91.4,Potato,26.22,12.17,19.19,375.6,4.173,17.9,2.818,0.16,6.51,32.4,11.43,1.442,70.7,5.0,22.21,3.71,0.673,0.5377,500,28,0.4,4
19,Meghalaya Potatoes,25.5,91.4,Potato,32.27,17.64,24.96,370.8,4.12,7.5,3.472,0.2091,6.35,25.9,16.48,1.372,76.2,5.0,24.98,4.874,0.841,0.2314,500,28,0.4,4
19,Meghalaya Potatoes,25.5,91.4,Potato,26.05,11.36,18.71,349.5,3.884,8.5,3.615,0.2227,6.2,33.2,17.85,1.241,57.4,9.4,23.46,3.831,0.928,0.0622,500,28,0.4,4
19,Meghalaya Potatoes,25.5,91.4,Potato,29.89,18.73,24.31,343.5,3.816,13.0,3.716,0.2464,6.96,27.0,5.83,1.366,69.0,5.0,24.87,5.047,0.971,0.7595,500,28,0.4,4
19,Meghalaya Potatoes,25.5,91.4,Potato,27.61,14.03,20.82,364.8,4.053,5.3,3.594,0.0958,6.63,46.0,5.05,1.546,59.0,5.0,21.61,4.12,0.884,0.9369,500,28,0.4,4
19,Meghalaya Potatoes,25.5,91.4,Potato,27.57,15.4,21.48,536.3,5.959,11.8,3.941,0.3348,6.19,27.7,10.81,1.291,77.4,5.0,24.73,3.087,0.66,0.4526,500,28,0.4,0
19,Meghalaya Potatoes,25.5,91.4,Potato,25.67,15.02,20.34,430.0,4.778,6.1,3.531,0.2896,6.22,34.6,10.03,1.112,68.5,5.0,24.41,3.521,0.737,0.354,500,28,0.4,0
19,Meghalaya Potatoes,25.5,91.4,Potato,30.24,12.99,21.62,255.2,2.836,15.6,2.919,0.3249,7.14,23.3,20.44,1.327,80.0,5.0,24.68,5.636,1.025,-0.0014,500,28,0.4,2
19,Meghalaya Potatoes,25.5,91.4,Potato,31.37,17.87,24.62,389.3,4.326,16.1,3.748,0.2837,7.26,21.5,7.58,1.43,80.0,5.0,25.16,4.622,0.864,0.7206,500,28,0.4,4
20,Himachal Apple Zone,31.1,77.2,Apple,24.72,14.67,19.7,761.3,8.459,9.7,3.419,0.2376,6.17,18.9,9.25,1.385,80.0,5.0,23.76,2.082,0.404,0.6029,1200,30,0.4,0
20,Himachal Apple Zone,31.1,77.2,Apple,23.48,10.67,17.07,696.2,7.736,9.1,3.227,0.3354,6.8,16.3,15.56,1.317,80.0,5.0,25.81,1.954,0.417,0.2352,1200,30,0.4,0
20,Himachal Apple Zone,31.1,77.2,Apple,24.43,10.59,17.51,629.1,6.99,17.2,2.965,0.3224,5.88,30.7,15.04,1.205,76.5,5.0,25.42,2.192,0.424,0.1751,1200,30,0.4,0
20,Himachal Apple Zone,31.1,77.2,Apple,24.47,13.46,18.97,640.5,7.117,18.5,3.468,0.2182,7.08,22.4,14.93,1.334,79.2,5.0,23.39,2.337,0.487,0.2794,1200,30,0.4,0
20,Himachal Apple Zone,31.1,77.2,Apple,27.96,15.44,21.7,552.7,6.141,16.8,3.512,0.278,6.43,10.5,14.56,1.18,80.0,9.5,24.38,3.039,0.571,0.1795,1200,30,0.4,0
20,Himachal Apple Zone,31.1,77.2,Apple,30.17,18.58,24.37,720.5,8.005,19.9,3.818,0.3617,7.38,22.2,18.25,1.218,80.0,5.0,25.34,2.707,0.476,0.0244,1200,30,0.4,0
20,Himachal Apple Zone,31.1,77.2,Apple,28.44,12.79,20.62,549.8,6.109,11.8,3.796,0.2004,6.56,34.5,14.18,1.456,64.7,5.0,23.34,2.9,0.62,0.4106,1200,30,0.4,4
20,Himachal Apple Zone,31.1,77.2,Apple,27.56,14.97,21.27,2047.2,22.747,14.0,3.824,0.4802,5.99,29.5,8.48,1.499,67.8,5.0,25.0,0.896,0.168,0.7288,1200,30,0.4,3
20,Himachal Apple Zone,31.1,77.2,Apple,33.55,14.07,23.81,486.4,5.405,12.3,3.83,0.2822,6.78,16.2,10.75,1.135,80.0,5.0,24.86,3.718,0.707,0.3352,1200,30,0.4,2
20,Himachal Apple Zone,31.1,77.2,Apple,29.58,15.31,22.44,464.6,5.162,18.2,3.578,0.3266,6.63,16.0,14.49,1.363,80.0,5.0,24.76,3.643,0.692,0.3239,1200,30,0.4,2
21,Uttarakhand Wheat,30.1,79.1,Wheat,27.95,14.95,21.45,127.3,1.415,6.1,3.513,0.1197,6.13,19.7,8.68,1.147,79.1,5.0,22.41,8.883,2.464,0.4483,450,32,0.6,1
21,Uttarakhand Wheat,30.1,79.1,Wheat,23.17,11.64,17.4,93.1,1.035,10.3,3.142,0.1109,6.21,21.4,12.23,1.38,75.9,5.0,20.09,8.553,3.005,0.4499,450,32,0.6,1
21,Uttarakhand Wheat,30.1,79.1,Wheat,26.62,12.32,19.47,133.8,1.487,13.7,2.938,0.112,6.65,15.7,11.57,1.177,80.0,5.0,21.18,7.828,1.961,0.3271,450,32,0.6,1
21,Uttarakhand Wheat,30.1,79.1,Wheat,22.97,11.9,17.44,94.6,1.051,15.0,2.675,0.1571,7.32,28.9,12.97,1.359,61.5,9.6,21.65,8.503,2.52,0.3969,450,32,0.6,1
21,Uttarakhand Wheat,30.1,79.1,Wheat,26.86,12.03,19.44,141.6,1.573,10.4,3.983,0.1923,6.47,22.8,15.72,1.267,67.4,9.8,22.95,7.555,2.514,0.189,450,32,0.6,1
21,Uttarakhand Wheat,30.1,79.1,Wheat,26.9,11.75,19.33,125.1,1.39,13.3,4.272,0.0683,6.83,36.8,6.83,1.342,57.7,5.5,19.91,8.085,3.048,0.6906,450,32,0.6,1
21,Uttarakhand Wheat,30.1,79.1,Wheat,25.4,12.27,18.84,101.5,1.128,10.6,3.692,0.0748,6.61,20.7,16.28,1.332,75.0,5.0,19.75,8.853,3.242,0.2103,450,32,0.6,1
21,Uttarakhand Wheat,30.1,79.1,Wheat,27.57,13.82,20.69,1584.0,17.6,8.9,3.332,0.442,6.77,29.3,16.92,1.236,73.0,5.0,25.12,1.113,0.189,0.1052,450,32,0.6,3
21,Uttarakhand Wheat,30.1,79.1,Wheat,22.77,8.91,15.84,337.1,3.746,12.0,3.092,0.2446,6.41,37.7,8.68,1.396,56.2,6.1,24.33,3.337,0.823,0.6396,450,32,0.6,4
21,Uttarakhand Wheat,30.1,79.1,Wheat,31.63,17.5,24.56,347.0,3.855,18.7,3.395,0.4005,6.61,29.1,27.7,1.092,79.6,5.0,25.5,5.059,0.878,-0.5456,450,32,0.6,0
22,J&K Saffron Zone,33.7,74.8,Saffron,28.21,13.24,20.73,272.0,3.023,16.3,3.197,0.2575,7.13,27.6,10.22,1.375,66.8,5.6,24.09,5.153,1.054,0.5473,300,25,0.6,2
22,J&K Saffron Zone,33.7,74.8,Saffron,32.16,14.95,23.55,323.0,3.589,5.5,3.719,0.2449,5.9,25.7,13.01,1.288,75.3,5.0,24.58,5.133,1.033,0.3406,300,25,0.6,2
22,J&K Saffron Zone,33.7,74.8,Saffron,36.09,16.33,26.21,280.8,3.12,19.9,4.097,0.3238,7.24,16.3,6.88,1.289,79.7,5.0,26.04,6.361,1.308,0.6475,300,25,0.6,2
22,J&K Saffron Zone,33.7,74.8,Saffron,29.29,10.83,20.06,196.3,2.182,12.5,3.593,0.2772,6.74,23.5,5.48,1.421,80.0,5.0,24.29,6.305,1.638,0.8189,300,25,0.6,2
22,J&K Saffron Zone,33.7,74.8,Saffron,31.14,16.31,23.73,354.2,3.936,9.1,3.615,0.3368,5.95,21.0,10.03,1.216,69.6,9.4,25.06,4.807,0.916,0.4342,300,25,0.6,2
22,J&K Saffron Zone,33.7,74.8,Saffron,31.99,12.24,22.12,356.4,3.959,6.7,3.118,0.2195,6.38,32.3,12.42,1.426,63.5,5.0,23.95,4.459,0.785,0.4761,300,25,0.6,2
22,J&K Saffron Zone,33.7,74.8,Saffron,27.11,15.99,21.55,1421.9,15.799,5.2,3.664,0.3773,6.02,28.7,14.03,1.318,66.7,5.0,24.91,1.283,0.232,0.3124,300,25,0.6,3
22,J&K Saffron Zone,33.7,74.8,Saffron,23.8,10.89,17.35,397.8,4.42,19.1,3.992,0.1928,6.79,9.7,8.56,1.259,80.0,10.3,22.69,3.2,0.901,0.5403,300,25,0.6,0
22,J&K Saffron Zone,33.7,74.8,Saffron,27.47,13.2,20.33,355.7,3.952,10.3,3.375,0.2753,7.16,34.2,9.93,1.192,62.6,5.0,24.26,4.106,0.852,0.4208,300,25,0.6,0
22,J&K Saffron Zone,33.7,74.8,Saffron,28.84,13.43,21.14,87.6,0.973,10.8,3.166,0.1542,6.73,10.0,9.95,1.339,80.0,10.0,22.81,10.713,3.218,0.5327,300,25,0.6,1
23,Telangana Cotton,17.4,78.5,Cotton,28.26,16.61,22.43,1602.8,17.809,14.2,3.673,0.4119,6.4,26.4,13.95,1.278,70.4,5.0,25.01,1.193,0.206,0.2859,700,40,0.5,3
23,Telangana Cotton,17.4,78.5,Cotton,23.49,11.32,17.41,1938.3,21.537,10.3,3.784,0.4367,6.36,38.9,8.57,1.244,62.1,5.0,26.55,0.772,0.176,0.5286,700,40,0.5,3
23,Telangana Cotton,17.4,78.5,Cotton,25.33,12.52,18.93,1713.0,19.033,12.5,3.288,0.3843,6.66,27.8,10.98,1.437,79.3,5.0,25.47,0.945,0.173,0.5566,700,40,0.5,3
23,Telangana Cotton,17.4,78.5,Cotton,33.17,18.54,25.86,1735.5,19.283,17.5,3.642,0.4451,6.64,34.6,12.56,1.103,59.8,5.6,26.27,1.275,0.189,0.2206,700,40,0.5,3
23,Telangana Cotton,17.4,78.5,Cotton,26.8,16.11,21.46,1780.7,19.786,5.6,3.616,0.3691,6.88,37.1,9.23,1.431,57.0,5.9,24.89,1.032,0.183,0.639,700,40,0.5,3
23,Telangana Cotton,17.4,78.5,Cotton,30.06,17.62,23.84,1740.5,19.338,8.3,4.018,0.4822,5.92,28.6,4.52,1.184,70.0,5.0,25.34,1.172,0.208,0.6846,700,40,0.5,3
23,Telangana Cotton,17.4,78.5,Cotton,33.24,14.91,24.08,308.8,3.432,7.4,3.477,0.3324,7.33,22.0,9.97,1.241,77.5,5.0,25.15,5.433,1.01,0.4558,700,40,0.5,2
23,Telangana Cotton,17.4,78.5,Cotton,26.89,15.35,21.12,478.5,5.317,5.6,3.565,0.2462,7.0,11.2,17.98,1.304,80.0,8.8,24.01,3.343,0.669,0.1042,700,40,0.5,0
23,Telangana Cotton,17.4,78.5,Cotton,31.37,16.9,24.13,163.1,1.812,17.5,3.069,0.125,6.2,20.3,14.12,1.384,77.0,5.0,24.03,8.582,1.683,0.3583,700,40,0.5,1
23,Telangana Cotton,17.4,78.5,Cotton,25.81,10.51,18.16,143.5,1.595,10.9,3.211,0.05,6.16,15.1,11.94,1.453,80.0,5.0,18.38,6.999,1.999,0.5207,700,40,0.5,1
24,Goa Cashew Region,15.3,74.1,Cashew,25.58,13.32,19.45,431.3,4.792,14.6,3.348,0.1827,6.8,29.2,8.2,1.369,73.9,5.0,22.76,3.358,0.697,0.643,900,38,0.5,4
24,Goa Cashew Region,15.3,74.1,Cashew,28.67,13.39,21.03,464.2,5.158,7.3,3.843,0.2112,7.09,18.8,14.82,1.28,80.0,5.0,23.58,3.415,0.744,0.2437,900,38,0.5,4
24,Goa Cashew Region,15.3,74.1,Cashew,29.64,17.97,23.8,663.8,7.375,10.0,3.505,0.1532,5.56,34.2,10.34,1.493,68.6,5.0,24.06,2.842,0.475,0.6314,900,38,0.5,4
24,Goa Cashew Region,15.3,74.1,Cashew,32.4,17.68,25.04,543.9,6.043,15.1,3.633,0.2073,6.95,38.3,15.59,1.474,70.6,5.0,25.01,3.556,0.6,0.3539,900,38,0.5,4
24,Goa Cashew Region,15.3,74.1,Cashew,24.05,12.88,18.47,457.9,5.088,8.3,3.651,0.2985,6.85,33.6,10.8,1.371,55.8,10.6,24.77,3.033,0.716,0.5148,900,38,0.5,4
24,Goa Cashew Region,15.3,74.1,Cashew,27.58,15.03,21.3,531.4,5.905,11.4,3.469,0.2338,6.36,14.8,10.26,1.501,79.0,6.3,23.91,3.085,0.586,0.6415,900,38,0.5,4
24,Goa Cashew Region,15.3,74.1,Cashew,27.86,18.71,23.28,2109.1,23.434,7.1,3.982,0.4514,6.89,17.0,16.15,1.49,80.0,5.0,25.17,0.953,0.17,0.3389,900,38,0.5,3
24,Goa Cashew Region,15.3,74.1,Cashew,29.47,16.85,23.16,574.2,6.379,14.5,3.734,0.3126,5.93,23.1,12.18,1.21,80.0,5.0,24.83,3.138,0.584,0.3212,900,38,0.5,0
24,Goa Cashew Region,15.3,74.1,Cashew,27.48,16.42,21.95,674.0,7.489,15.9,3.792,0.2692,6.06,22.0,13.11,1.17,74.2,5.0,24.34,2.586,0.506,0.2448,900,38,0.5,0
24,Goa Cashew Region,15.3,74.1,Cashew,29.93,18.29,24.11,169.5,1.883,10.8,3.453,0.2009,5.71,22.4,10.65,1.257,76.2,5.0,24.54,8.363,1.823,0.4344,900,38,0.5,1
25,Sikkim Cardamom,27.5,88.5,Cardamom,26.99,15.73,21.36,817.2,9.08,7.0,3.284,0.2223,7.07,17.7,13.31,1.473,80.0,5.0,23.79,2.119,0.361,0.4679,1500,30,0.3,0
25,Sikkim Cardamom,27.5,88.5,Cardamom,28.32,17.4,22.86,813.3,9.037,14.3,4.075,0.257,5.63,22.1,13.67,1.295,73.0,5.0,24.45,2.278,0.45,0.3126,1500,30,0.3,0
25,Sikkim Cardamom,27.5,88.5,Cardamom,28.79,15.59,22.19,819.5,9.106,5.6,3.687,0.3352,6.74,40.8,11.92,1.216,53.8,5.4,24.77,2.196,0.404,0.3395,1500,30,0.3,0
25,Sikkim Cardamom,27.5,88.5,Cardamom,28.44,17.21,22.82,737.9,8.199,7.8,4.051,0.254,7.58,29.0,19.19,1.371,69.8,5.0,24.42,2.481,0.493,0.095,1500,30,0.3,0
25,Sikkim Cardamom,27.5,88.5,Cardamom,22.75,13.83,18.29,803.0,8.922,8.8,3.892,0.3139,6.43,26.7,8.08,1.291,74.9,5.0,25.02,1.843,0.436,0.589,1500,30,0.3,0
25,Sikkim Cardamom,27.5,88.5,Cardamom,24.01,13.91,18.96,663.3,7.37,18.2,3.242,0.2336,6.38,10.6,6.58,1.229,80.0,9.4,23.67,2.265,0.439,0.6165,1500,30,0.3,0
25,Sikkim Cardamom,27.5,88.5,Cardamom,25.8,13.33,19.56,756.6,8.406,11.0,3.12,0.3525,7.4,18.3,10.55,1.188,79.9,5.0,25.06,2.08,0.371,0.3863,1500,30,0.3,0
25,Sikkim Cardamom,27.5,88.5,Cardamom,25.69,11.89,18.79,735.3,8.17,17.0,3.516,0.1377,6.96,18.5,9.81,1.486,80.0,5.0,21.53,2.049,0.43,0.6526,1500,30,0.3,4
25,Sikkim Cardamom,27.5,88.5,Cardamom,24.49,11.02,17.75,272.1,3.024,17.4,2.972,0.1553,7.24,24.6,8.17,1.43,77.5,5.0,21.67,4.412,0.979,0.6909,1500,30,0.3,1
25,Sikkim Cardamom,27.5,88.5,Cardamom,31.68,12.02,21.85,553.4,6.149,19.0,3.445,0.4117,6.77,23.2,20.19,1.233,74.8,5.0,24.99,3.056,0.559,-0.0613,1500,30,0.3,2
26,Arunachal Ginger,27.1,93.6,Ginger,27.53,15.44,21.49,182.9,2.032,13.8,3.551,0.1513,6.71,34.1,9.26,1.447,66.9,5.0,22.92,7.086,1.738,0.6499,1200,33,0.3,1
26,Arunachal Ginger,27.1,93.6,Ginger,27.99,18.52,23.25,208.2,2.313,14.4,3.836,0.0628,6.75,14.7,12.67,1.335,80.0,5.3,22.83,7.019,1.651,0.393,1200,33,0.3,1
26,Arunachal Ginger,27.1,93.6,Ginger,29.12,13.43,21.27,218.5,2.428,8.0,3.322,0.1106,6.29,20.7,10.96,1.349,66.8,12.5,22.16,6.206,1.362,0.4896,1200,33,0.3,1
26,Arunachal Ginger,27.1,93.6,Ginger,22.74,9.73,16.23,171.1,1.901,13.5,3.315,0.1363,6.13,26.3,15.59,1.338,67.1,6.7,20.58,5.596,1.733,0.2492,1200,33,0.3,1
26,Arunachal Ginger,27.1,93.6,Ginger,26.28,13.25,19.77,197.2,2.192,8.7,3.464,0.1326,5.97,27.6,12.02,1.287,67.4,5.1,21.82,6.193,1.573,0.3885,1200,33,0.3,1
26,Arunachal Ginger,27.1,93.6,Ginger,24.54,14.48,19.51,120.3,1.337,15.9,3.379,0.1355,6.75,17.6,5.11,1.287,80.0,5.0,21.77,8.35,2.507,0.7347,1200,33,0.3,1
26,Arunachal Ginger,27.1,93.6,Ginger,29.55,17.22,23.38,214.4,2.383,10.2,3.655,0.1208,6.32,29.0,10.11,1.27,74.0,5.0,23.54,6.913,1.527,0.4719,1200,33,0.3,1
26,Arunachal Ginger,27.1,93.6,Ginger,28.34,12.31,20.33,385.8,4.287,17.1,3.996,0.3401,6.64,18.6,13.7,1.428,70.3,11.1,24.83,3.845,0.93,0.4135,1200,33,0.3,2
26,Arunachal Ginger,27.1,93.6,Ginger,27.35,16.92,22.14,143.1,1.591,11.3,3.255,0.1201,7.53,34.1,4.57,1.202,67.2,5.0,22.8,8.545,2.032,0.6961,1200,33,0.3,1
26,Arunachal Ginger,27.1,93.6,Ginger,29.33,19.77,24.55,628.2,6.98,15.4,3.54,0.1989,6.72,36.0,13.25,1.369,71.3,5.0,24.73,3.076,0.506,0.3902,1200,33,0.3,0
27,Tripura Pineapple,23.8,91.3,Pineapple,30.55,15.28,22.92,548.1,6.09,6.4,3.683,0.2743,5.85,31.8,20.48,1.358,55.6,12.6,24.57,3.232,0.604,0.0205,1100,36,0.4,2
27,Tripura Pineapple,23.8,91.3,Pineapple,33.95,14.73,24.34,480.3,5.337,18.7,3.834,0.3579,6.28,14.8,13.15,1.217,80.0,5.2,25.31,3.841,0.717,0.2786,1100,36,0.4,2
27,Tripura Pineapple,23.8,91.3,Pineapple,34.18,14.32,24.25,461.3,5.125,8.2,3.346,0.2836,5.85,19.2,5.75,1.434,80.0,5.0,25.02,3.959,0.651,0.8155,1100,36,0.4,2
27,Tripura Pineapple,23.8,91.3,Pineapple,35.26,15.16,25.21,490.4,5.449,5.7,3.82,0.3125,6.32,27.7,11.09,1.218,68.7,5.0,25.51,3.909,0.7,0.3821,1100,36,0.4,2
27,Tripura Pineapple,23.8,91.3,Pineapple,37.89,17.93,27.91,417.6,4.64,19.6,4.22,0.2125,6.29,29.5,12.75,1.4,67.0,5.0,26.71,4.948,0.907,0.4398,1100,36,0.4,2
27,Tripura Pineapple,23.8,91.3,Pineapple,34.0,16.56,25.28,489.4,5.437,8.1,3.517,0.3066,7.31,9.2,12.19,1.49,80.0,10.8,25.52,3.927,0.646,0.5366,1100,36,0.4,2
27,Tripura Pineapple,23.8,91.3,Pineapple,24.14,12.32,18.23,218.4,2.426,16.3,3.221,0.1182,6.87,12.9,6.87,1.318,80.0,7.1,20.73,5.32,1.322,0.67,1100,36,0.4,1
27,Tripura Pineapple,23.8,91.3,Pineapple,27.52,13.45,20.49,596.0,6.622,15.4,3.739,0.2518,6.71,26.2,13.46,1.301,63.4,10.4,24.0,2.688,0.564,0.3277,1100,36,0.4,0
27,Tripura Pineapple,23.8,91.3,Pineapple,27.9,14.21,21.06,233.4,2.593,16.3,3.647,0.1896,5.87,31.5,9.79,1.36,64.9,5.0,23.3,5.86,1.4,0.5566,1100,36,0.4,1
27,Tripura Pineapple,23.8,91.3,Pineapple,30.64,15.94,23.29,200.2,2.224,7.5,4.207,0.1125,7.02,26.4,16.42,1.38,69.3,5.0,23.4,7.225,1.882,0.2409,1100,36,0.4,1
28,Mizoram Turmeric,23.2,92.9,Turmeric,29.57,16.8,23.19,2588.1,28.756,11.1,3.565,0.4314,6.67,25.6,12.75,1.161,78.4,5.0,25.14,0.779,0.124,0.256,1300,35,0.4,3
28,Mizoram Turmeric,23.2,92.9,Turmeric,27.14,16.37,21.75,2288.0,25.423,10.4,3.508,0.457,6.61,27.2,3.47,1.401,72.0,5.0,25.01,0.823,0.138,0.9044,1300,35,0.4,3
28,Mizoram Turmeric,23.2,92.9,Turmeric,32.89,21.06,26.98,2848.8,31.653,16.8,4.36,0.3781,5.61,29.1,10.06,1.2,80.0,5.0,26.74,0.826,0.138,0.4204,1300,35,0.4,3
28,Mizoram Turmeric,23.2,92.9,Turmeric,23.5,13.02,18.26,2391.9,26.577,18.8,2.911,0.4599,6.51,21.3,11.36,1.263,71.9,6.7,26.05,0.662,0.109,0.4034,1300,35,0.4,3
28,Mizoram Turmeric,23.2,92.9,Turmeric,25.73,13.42,19.58,2476.4,27.515,10.6,3.424,0.3511,6.59,36.6,15.23,1.289,61.1,5.0,25.05,0.687,0.124,0.2303,1300,35,0.4,3
28,Mizoram Turmeric,23.2,92.9,Turmeric,28.39,12.93,20.66,2640.5,29.339,19.8,3.541,0.4494,7.25,27.6,11.96,1.219,76.5,5.0,25.12,0.681,0.121,0.3397,1300,35,0.4,3
28,Mizoram Turmeric,23.2,92.9,Turmeric,31.67,16.44,24.05,503.6,5.595,5.0,3.537,0.3301,6.25,16.5,8.84,1.324,76.9,6.6,25.13,3.647,0.631,0.5761,1300,35,0.4,2
28,Mizoram Turmeric,23.2,92.9,Turmeric,32.74,13.06,22.9,424.3,4.714,19.3,3.92,0.2439,6.34,23.8,10.69,1.196,70.3,5.9,24.37,4.008,0.83,0.3851,1300,35,0.4,2
28,Mizoram Turmeric,23.2,92.9,Turmeric,29.58,14.72,22.15,204.2,2.269,7.5,3.999,0.1593,6.29,37.6,11.77,1.256,58.0,5.0,23.32,6.778,1.754,0.3775,1300,35,0.4,1
28,Mizoram Turmeric,23.2,92.9,Turmeric,26.37,10.74,18.56,2173.7,24.152,12.6,3.168,0.4344,6.05,30.2,15.24,1.201,71.9,5.0,25.85,0.738,0.131,0.1614,1300,35,0.4,3
29,Punjab Mustard Zone,31.5,74.3,Mustard,25.49,11.9,18.69,346.9,3.855,16.6,3.515,0.2278,6.59,34.6,3.6,1.362,63.8,5.0,23.56,3.851,0.909,0.8679,350,30,0.6,4
29,Punjab Mustard Zone,31.5,74.3,Mustard,25.53,13.3,19.42,361.2,4.014,17.2,3.867,0.2449,5.96,17.3,8.26,1.339,79.2,5.0,23.86,3.873,0.961,0.6167,350,30,0.6,4
29,Punjab Mustard Zone,31.5,74.3,Mustard,31.22,16.64,23.93,335.5,3.728,17.0,3.558,0.2225,5.78,22.4,12.7,1.289,80.0,5.0,24.59,5.061,0.952,0.3563,350,30,0.6,4
29,Punjab Mustard Zone,31.5,74.3,Mustard,26.23,12.75,19.49,322.4,3.582,9.6,3.395,0.1769,6.48,27.6,16.11,1.414,77.4,5.0,22.66,4.253,0.945,0.282,350,30,0.6,4
29,Punjab Mustard Zone,31.5,74.3,Mustard,22.42,9.59,16.01,349.4,3.882,5.7,3.658,0.2775,6.62,23.1,2.82,1.474,72.8,5.0,25.16,3.279,0.939,0.9931,350,30,0.6,4
29,Punjab Mustard Zone,31.5,74.3,Mustard,27.01,13.46,20.24,382.6,4.252,13.5,2.642,0.2649,6.37,30.5,11.83,1.32,59.9,9.5,24.14,3.853,0.62,0.4239,350,30,0.6,4
29,Punjab Mustard Zone,31.5,74.3,Mustard,33.15,13.77,23.46,331.4,3.683,11.0,3.787,0.2522,6.43,20.6,19.76,1.226,80.0,5.0,24.6,5.011,1.025,-0.0451,350,30,0.6,2
29,Punjab Mustard Zone,31.5,74.3,Mustard,24.02,13.2,18.61,409.8,4.553,8.2,3.151,0.2742,7.33,24.3,14.19,1.395,75.4,5.0,24.37,3.352,0.69,0.3634,350,30,0.6,0
29,Punjab Mustard Zone,31.5,74.3,Mustard,30.54,15.95,23.25,117.0,1.3,13.3,3.561,0.178,6.73,28.8,8.62,1.472,74.5,5.0,23.99,10.107,2.717,0.7013,350,30,0.6,1
29,Punjab Mustard Zone,31.5,74.3,Mustard,22.77,10.33,16.55,164.7,1.83,12.1,3.163,0.05,7.25,21.7,15.15,1.374,80.0,5.0,17.01,5.848,1.718,0.299,350,30,0.6,1
